branch_name,city,alerts
Federal Bank - Pune,Pune,8
Federal Bank - Kolkata,Kolkata,6
Federal Bank - Ahmedabad,Ahmedabad,6
Federal Bank - Bengaluru,Bengaluru,5
Federal Bank - Hyderabad,Hyderabad,5
Federal Bank - Mumbai,Mumbai,5
Federal Bank - Chennai,Chennai,4
Federal Bank - Delhi,Delhi,2
