city,transactions,total_amount,customers
Kolkata,2821,12659699.86,84
Bengaluru,2595,12118467.48,79
Pune,2581,11603928.02,83
Hyderabad,2515,10556038.41,80
Mumbai,2501,10600834.36,75
Chennai,2453,10463071.36,75
Delhi,2422,10390788.90,74
Ahmedabad,2203,9870955.51,69
